<?xml version='1.0' encoding='UTF-8'?>
<commonRoad timeStepSize="0.1" commonRoadVersion="2020a" author="" affiliation="Technical University of Munich" source="CommonRoad Scenario Designer" benchmarkID="ZAM_Intersection-1_3_T-1" date="2022-05-11">
  <location>
    <geoNameId>-999</geoNameId>
    <gpsLatitude>999.0</gpsLatitude>
    <gpsLongitude>999.0</gpsLongitude>
  </location>
  <scenarioTags/>
  <lanelet id="1">
    <leftBound>
      <point>
        <x>0.0</x>
        <y>1.75</y>
      </point>
      <point>
        <x>3.8888</x>
        <y>1.75</y>
      </point>
      <point>
        <x>7.7777</x>
        <y>1.75</y>
      </point>
      <point>
        <x>11.6666</x>
        <y>1.75</y>
      </point>
      <point>
        <x>15.5555</x>
        <y>1.75</y>
      </point>
      <point>
        <x>19.4444</x>
        <y>1.75</y>
      </point>
      <point>
        <x>23.3333</x>
        <y>1.75</y>
      </point>
      <point>
        <x>27.2222</x>
        <y>1.75</y>
      </point>
      <point>
        <x>31.1111</x>
        <y>1.75</y>
      </point>
      <point>
        <x>34.9999</x>
        <y>1.75</y>
      </point>
      <lineMarking>dashed</lineMarking>
    </leftBound>
    <rightBound>
      <point>
        <x>0.0</x>
        <y>-1.75</y>
      </point>
      <point>
        <x>3.8888</x>
        <y>-1.75</y>
      </point>
      <point>
        <x>7.7777</x>
        <y>-1.75</y>
      </point>
      <point>
        <x>11.6666</x>
        <y>-1.75</y>
      </point>
      <point>
        <x>15.5555</x>
        <y>-1.75</y>
      </point>
      <point>
        <x>19.4444</x>
        <y>-1.75</y>
      </point>
      <point>
        <x>23.3333</x>
        <y>-1.75</y>
      </point>
      <point>
        <x>27.2222</x>
        <y>-1.75</y>
      </point>
      <point>
        <x>31.1111</x>
        <y>-1.75</y>
      </point>
      <point>
        <x>34.9999</x>
        <y>-1.7499</y>
      </point>
      <lineMarking>solid</lineMarking>
    </rightBound>
    <successor ref="3"/>
    <successor ref="5"/>
    <successor ref="20"/>
    <adjacentLeft ref="2" drivingDir="opposite"/>
    <stopLine>
      <point>
        <x>34.9999</x>
        <y>1.75</y>
      </point>
      <point>
        <x>34.9999</x>
        <y>-1.7499</y>
      </point>
      <lineMarking>solid</lineMarking>
      <trafficSignRef ref="26"/>
    </stopLine>
    <laneletType>intersection</laneletType>
    <userOneWay>vehicle</userOneWay>
    <trafficSignRef ref="26"/>
  </lanelet>
  <lanelet id="2">
    <leftBound>
      <point>
        <x>34.9999</x>
        <y>1.75</y>
      </point>
      <point>
        <x>31.1111</x>
        <y>1.75</y>
      </point>
      <point>
        <x>27.2222</x>
        <y>1.75</y>
      </point>
      <point>
        <x>23.3333</x>
        <y>1.75</y>
      </point>
      <point>
        <x>19.4444</x>
        <y>1.75</y>
      </point>
      <point>
        <x>15.5555</x>
        <y>1.75</y>
      </point>
      <point>
        <x>11.6666</x>
        <y>1.75</y>
      </point>
      <point>
        <x>7.7777</x>
        <y>1.75</y>
      </point>
      <point>
        <x>3.8888</x>
        <y>1.75</y>
      </point>
      <point>
        <x>0.0</x>
        <y>1.75</y>
      </point>
      <lineMarking>dashed</lineMarking>
    </leftBound>
    <rightBound>
      <point>
        <x>35.0</x>
        <y>5.25</y>
      </point>
      <point>
        <x>31.1111</x>
        <y>5.25</y>
      </point>
      <point>
        <x>27.2222</x>
        <y>5.25</y>
      </point>
      <point>
        <x>23.3333</x>
        <y>5.25</y>
      </point>
      <point>
        <x>19.4444</x>
        <y>5.25</y>
      </point>
      <point>
        <x>15.5555</x>
        <y>5.25</y>
      </point>
      <point>
        <x>11.6666</x>
        <y>5.25</y>
      </point>
      <point>
        <x>7.7777</x>
        <y>5.25</y>
      </point>
      <point>
        <x>3.8888</x>
        <y>5.25</y>
      </point>
      <point>
        <x>0.0</x>
        <y>5.25</y>
      </point>
      <lineMarking>solid</lineMarking>
    </rightBound>
    <predecessor ref="19"/>
    <predecessor ref="4"/>
    <predecessor ref="6"/>
    <adjacentLeft ref="1" drivingDir="opposite"/>
    <laneletType>intersection</laneletType>
    <userOneWay>vehicle</userOneWay>
  </lanelet>
  <lanelet id="3">
    <leftBound>
      <point>
        <x>34.9999</x>
        <y>1.75</y>
      </point>
      <point>
        <x>36.6666</x>
        <y>1.75</y>
      </point>
      <point>
        <x>38.3333</x>
        <y>1.75</y>
      </point>
      <point>
        <x>40.0</x>
        <y>1.75</y>
      </point>
      <point>
        <x>41.6666</x>
        <y>1.75</y>
      </point>
      <point>
        <x>43.3333</x>
        <y>1.75</y>
      </point>
      <point>
        <x>45.0</x>
        <y>1.75</y>
      </point>
      <point>
        <x>46.6666</x>
        <y>1.75</y>
      </point>
      <point>
        <x>48.3333</x>
        <y>1.75</y>
      </point>
      <point>
        <x>49.9999</x>
        <y>1.7499</y>
      </point>
      <lineMarking>no_marking</lineMarking>
    </leftBound>
    <rightBound>
      <point>
        <x>34.9999</x>
        <y>-1.7499</y>
      </point>
      <point>
        <x>36.6666</x>
        <y>-1.75</y>
      </point>
      <point>
        <x>38.3333</x>
        <y>-1.75</y>
      </point>
      <point>
        <x>40.0</x>
        <y>-1.75</y>
      </point>
      <point>
        <x>41.6666</x>
        <y>-1.75</y>
      </point>
      <point>
        <x>43.3333</x>
        <y>-1.75</y>
      </point>
      <point>
        <x>45.0</x>
        <y>-1.75</y>
      </point>
      <point>
        <x>46.6666</x>
        <y>-1.75</y>
      </point>
      <point>
        <x>48.3333</x>
        <y>-1.75</y>
      </point>
      <point>
        <x>49.9999</x>
        <y>-1.75</y>
      </point>
      <lineMarking>no_marking</lineMarking>
    </rightBound>
    <predecessor ref="1"/>
    <successor ref="9"/>
    <adjacentLeft ref="4" drivingDir="opposite"/>
    <laneletType>intersection</laneletType>
    <userOneWay>vehicle</userOneWay>
  </lanelet>
  <lanelet id="4">
    <leftBound>
      <point>
        <x>49.9999</x>
        <y>1.7499</y>
      </point>
      <point>
        <x>48.3333</x>
        <y>1.75</y>
      </point>
      <point>
        <x>46.6666</x>
        <y>1.75</y>
      </point>
      <point>
        <x>45.0</x>
        <y>1.75</y>
      </point>
      <point>
        <x>43.3333</x>
        <y>1.75</y>
      </point>
      <point>
        <x>41.6666</x>
        <y>1.75</y>
      </point>
      <point>
        <x>40.0</x>
        <y>1.75</y>
      </point>
      <point>
        <x>38.3333</x>
        <y>1.75</y>
      </point>
      <point>
        <x>36.6666</x>
        <y>1.75</y>
      </point>
      <point>
        <x>34.9999</x>
        <y>1.75</y>
      </point>
      <lineMarking>no_marking</lineMarking>
    </leftBound>
    <rightBound>
      <point>
        <x>50.0</x>
        <y>5.2499</y>
      </point>
      <point>
        <x>48.3333</x>
        <y>5.25</y>
      </point>
      <point>
        <x>46.6666</x>
        <y>5.25</y>
      </point>
      <point>
        <x>45.0</x>
        <y>5.25</y>
      </point>
      <point>
        <x>43.3333</x>
        <y>5.25</y>
      </point>
      <point>
        <x>41.6666</x>
        <y>5.25</y>
      </point>
      <point>
        <x>40.0</x>
        <y>5.25</y>
      </point>
      <point>
        <x>38.3333</x>
        <y>5.25</y>
      </point>
      <point>
        <x>36.6666</x>
        <y>5.25</y>
      </point>
      <point>
        <x>35.0</x>
        <y>5.25</y>
      </point>
      <lineMarking>no_marking</lineMarking>
    </rightBound>
    <predecessor ref="10"/>
    <successor ref="2"/>
    <adjacentLeft ref="3" drivingDir="opposite"/>
    <laneletType>intersection</laneletType>
    <userOneWay>vehicle</userOneWay>
  </lanelet>
  <lanelet id="5">
    <leftBound>
      <point>
        <x>34.9999</x>
        <y>1.75</y>
      </point>
      <point>
        <x>35.6193</x>
        <y>1.7756</y>
      </point>
      <point>
        <x>36.2344</x>
        <y>1.8522</y>
      </point>
      <point>
        <x>36.8411</x>
        <y>1.9794</y>
      </point>
      <point>
        <x>37.4352</x>
        <y>2.1563</y>
      </point>
      <point>
        <x>38.0127</x>
        <y>2.3817</y>
      </point>
      <point>
        <x>38.5696</x>
        <y>2.6539</y>
      </point>
      <point>
        <x>39.1021</x>
        <y>2.9712</y>
      </point>
      <point>
        <x>39.6065</x>
        <y>3.3314</y>
      </point>
      <point>
        <x>40.0796</x>
        <y>3.732</y>
      </point>
      <point>
        <x>40.5179</x>
        <y>4.1703</y>
      </point>
      <point>
        <x>40.9185</x>
        <y>4.6434</y>
      </point>
      <point>
        <x>41.2787</x>
        <y>5.1478</y>
      </point>
      <point>
        <x>41.596</x>
        <y>5.6803</y>
      </point>
      <point>
        <x>41.8682</x>
        <y>6.2372</y>
      </point>
      <point>
        <x>42.0936</x>
        <y>6.8147</y>
      </point>
      <point>
        <x>42.2705</x>
        <y>7.4088</y>
      </point>
      <point>
        <x>42.3977</x>
        <y>8.0155</y>
      </point>
      <point>
        <x>42.4743</x>
        <y>8.6306</y>
      </point>
      <point>
        <x>42.5</x>
        <y>9.2499</y>
      </point>
      <lineMarking>no_marking</lineMarking>
    </leftBound>
    <rightBound>
      <point>
        <x>34.9999</x>
        <y>-1.7499</y>
      </point>
      <point>
        <x>35.9083</x>
        <y>-1.7124</y>
      </point>
      <point>
        <x>36.8105</x>
        <y>-1.5999</y>
      </point>
      <point>
        <x>37.7003</x>
        <y>-1.4134</y>
      </point>
      <point>
        <x>38.5716</x>
        <y>-1.1539</y>
      </point>
      <point>
        <x>39.4186</x>
        <y>-0.8235</y>
      </point>
      <point>
        <x>40.2354</x>
        <y>-0.4242</y>
      </point>
      <point>
        <x>41.0164</x>
        <y>0.0411</y>
      </point>
      <point>
        <x>41.7563</x>
        <y>0.5694</y>
      </point>
      <point>
        <x>42.45</x>
        <y>1.157</y>
      </point>
      <point>
        <x>43.0929</x>
        <y>1.7999</y>
      </point>
      <point>
        <x>43.6805</x>
        <y>2.4936</y>
      </point>
      <point>
        <x>44.2088</x>
        <y>3.2335</y>
      </point>
      <point>
        <x>44.6742</x>
        <y>4.0145</y>
      </point>
      <point>
        <x>45.0735</x>
        <y>4.8313</y>
      </point>
      <point>
        <x>45.4039</x>
        <y>5.6783</y>
      </point>
      <point>
        <x>45.6634</x>
        <y>6.5496</y>
      </point>
      <point>
        <x>45.8499</x>
        <y>7.4394</y>
      </point>
      <point>
        <x>45.9624</x>
        <y>8.3416</y>
      </point>
      <point>
        <x>46.0</x>
        <y>9.2499</y>
      </point>
      <lineMarking>no_marking</lineMarking>
    </rightBound>
    <predecessor ref="1"/>
    <successor ref="7"/>
    <adjacentLeft ref="6" drivingDir="opposite"/>
    <laneletType>intersection</laneletType>
    <userOneWay>vehicle</userOneWay>
  </lanelet>
  <lanelet id="6">
    <leftBound>
      <point>
        <x>42.5</x>
        <y>9.2499</y>
      </point>
      <point>
        <x>42.4743</x>
        <y>8.6306</y>
      </point>
      <point>
        <x>42.3977</x>
        <y>8.0155</y>
      </point>
      <point>
        <x>42.2705</x>
        <y>7.4088</y>
      </point>
      <point>
        <x>42.0936</x>
        <y>6.8147</y>
      </point>
      <point>
        <x>41.8682</x>
        <y>6.2372</y>
      </point>
      <point>
        <x>41.596</x>
        <y>5.6803</y>
      </point>
      <point>
        <x>41.2787</x>
        <y>5.1478</y>
      </point>
      <point>
        <x>40.9185</x>
        <y>4.6434</y>
      </point>
      <point>
        <x>40.5179</x>
        <y>4.1703</y>
      </point>
      <point>
        <x>40.0796</x>
        <y>3.732</y>
      </point>
      <point>
        <x>39.6065</x>
        <y>3.3314</y>
      </point>
      <point>
        <x>39.1021</x>
        <y>2.9712</y>
      </point>
      <point>
        <x>38.5696</x>
        <y>2.6539</y>
      </point>
      <point>
        <x>38.0127</x>
        <y>2.3817</y>
      </point>
      <point>
        <x>37.4352</x>
        <y>2.1563</y>
      </point>
      <point>
        <x>36.8411</x>
        <y>1.9794</y>
      </point>
      <point>
        <x>36.2344</x>
        <y>1.8522</y>
      </point>
      <point>
        <x>35.6193</x>
        <y>1.7756</y>
      </point>
      <point>
        <x>34.9999</x>
        <y>1.75</y>
      </point>
      <lineMarking>no_marking</lineMarking>
    </leftBound>
    <rightBound>
      <point>
        <x>39.0</x>
        <y>9.25</y>
      </point>
      <point>
        <x>38.9863</x>
        <y>8.9196</y>
      </point>
      <point>
        <x>38.9454</x>
        <y>8.5916</y>
      </point>
      <point>
        <x>38.8776</x>
        <y>8.268</y>
      </point>
      <point>
        <x>38.7832</x>
        <y>7.9512</y>
      </point>
      <point>
        <x>38.663</x>
        <y>7.6432</y>
      </point>
      <point>
        <x>38.5178</x>
        <y>7.3462</y>
      </point>
      <point>
        <x>38.3486</x>
        <y>7.0622</y>
      </point>
      <point>
        <x>38.1565</x>
        <y>6.7931</y>
      </point>
      <point>
        <x>37.9428</x>
        <y>6.5408</y>
      </point>
      <point>
        <x>37.7091</x>
        <y>6.3071</y>
      </point>
      <point>
        <x>37.4568</x>
        <y>6.0934</y>
      </point>
      <point>
        <x>37.1877</x>
        <y>5.9013</y>
      </point>
      <point>
        <x>36.9037</x>
        <y>5.7321</y>
      </point>
      <point>
        <x>36.6067</x>
        <y>5.5869</y>
      </point>
      <point>
        <x>36.2987</x>
        <y>5.4667</y>
      </point>
      <point>
        <x>35.9819</x>
        <y>5.3723</y>
      </point>
      <point>
        <x>35.6583</x>
        <y>5.3045</y>
      </point>
      <point>
        <x>35.3303</x>
        <y>5.2636</y>
      </point>
      <point>
        <x>35.0</x>
        <y>5.25</y>
      </point>
      <lineMarking>solid</lineMarking>
    </rightBound>
    <predecessor ref="8"/>
    <successor ref="2"/>
    <adjacentLeft ref="5" drivingDir="opposite"/>
    <laneletType>intersection</laneletType>
    <userOneWay>vehicle</userOneWay>
  </lanelet>
  <lanelet id="7">
    <leftBound>
      <point>
        <x>42.5</x>
        <y>9.2499</y>
      </point>
      <point>
        <x>42.5</x>
        <y>13.1388</y>
      </point>
      <point>
        <x>42.5</x>
        <y>17.0277</y>
      </point>
      <point>
        <x>42.5</x>
        <y>20.9166</y>
      </point>
      <point>
        <x>42.5</x>
        <y>24.8055</y>
      </point>
      <point>
        <x>42.5</x>
        <y>28.6944</y>
      </point>
      <point>
        <x>42.5</x>
        <y>32.5833</y>
      </point>
      <point>
        <x>42.5</x>
        <y>36.4722</y>
      </point>
      <point>
        <x>42.5</x>
        <y>40.3611</y>
      </point>
      <point>
        <x>42.5</x>
        <y>44.25</y>
      </point>
      <lineMarking>dashed</lineMarking>
    </leftBound>
    <rightBound>
      <point>
        <x>46.0</x>
        <y>9.2499</y>
      </point>
      <point>
        <x>46.0</x>
        <y>13.1388</y>
      </point>
      <point>
        <x>46.0</x>
        <y>17.0277</y>
      </point>
      <point>
        <x>46.0</x>
        <y>20.9166</y>
      </point>
      <point>
        <x>46.0</x>
        <y>24.8055</y>
      </point>
      <point>
        <x>46.0</x>
        <y>28.6944</y>
      </point>
      <point>
        <x>46.0</x>
        <y>32.5833</y>
      </point>
      <point>
        <x>46.0</x>
        <y>36.4722</y>
      </point>
      <point>
        <x>46.0</x>
        <y>40.3611</y>
      </point>
      <point>
        <x>46.0</x>
        <y>44.25</y>
      </point>
      <lineMarking>solid</lineMarking>
    </rightBound>
    <predecessor ref="5"/>
    <predecessor ref="14"/>
    <predecessor ref="12"/>
    <adjacentLeft ref="8" drivingDir="opposite"/>
    <laneletType>intersection</laneletType>
    <userOneWay>vehicle</userOneWay>
  </lanelet>
  <lanelet id="8">
    <leftBound>
      <point>
        <x>42.5</x>
        <y>44.25</y>
      </point>
      <point>
        <x>42.5</x>
        <y>40.3611</y>
      </point>
      <point>
        <x>42.5</x>
        <y>36.4722</y>
      </point>
      <point>
        <x>42.5</x>
        <y>32.5833</y>
      </point>
      <point>
        <x>42.5</x>
        <y>28.6944</y>
      </point>
      <point>
        <x>42.5</x>
        <y>24.8055</y>
      </point>
      <point>
        <x>42.5</x>
        <y>20.9166</y>
      </point>
      <point>
        <x>42.5</x>
        <y>17.0277</y>
      </point>
      <point>
        <x>42.5</x>
        <y>13.1388</y>
      </point>
      <point>
        <x>42.5</x>
        <y>9.2499</y>
      </point>
      <lineMarking>dashed</lineMarking>
    </leftBound>
    <rightBound>
      <point>
        <x>39.0</x>
        <y>44.25</y>
      </point>
      <point>
        <x>39.0</x>
        <y>40.3611</y>
      </point>
      <point>
        <x>39.0</x>
        <y>36.4722</y>
      </point>
      <point>
        <x>39.0</x>
        <y>32.5833</y>
      </point>
      <point>
        <x>39.0</x>
        <y>28.6944</y>
      </point>
      <point>
        <x>39.0</x>
        <y>24.8055</y>
      </point>
      <point>
        <x>39.0</x>
        <y>20.9166</y>
      </point>
      <point>
        <x>39.0</x>
        <y>17.0277</y>
      </point>
      <point>
        <x>39.0</x>
        <y>13.1388</y>
      </point>
      <point>
        <x>39.0</x>
        <y>9.25</y>
      </point>
      <lineMarking>solid</lineMarking>
    </rightBound>
    <successor ref="11"/>
    <successor ref="13"/>
    <successor ref="6"/>
    <adjacentLeft ref="7" drivingDir="opposite"/>
    <stopLine>
      <point>
        <x>42.5</x>
        <y>9.25</y>
      </point>
      <point>
        <x>39.0</x>
        <y>9.25</y>
      </point>
      <lineMarking>solid</lineMarking>
      <trafficSignRef ref="29"/>
    </stopLine>
    <laneletType>intersection</laneletType>
    <userOneWay>vehicle</userOneWay>
    <trafficSignRef ref="29"/>
  </lanelet>
  <lanelet id="9">
    <leftBound>
      <point>
        <x>49.9999</x>
        <y>1.7499</y>
      </point>
      <point>
        <x>53.8888</x>
        <y>1.75</y>
      </point>
      <point>
        <x>57.7777</x>
        <y>1.75</y>
      </point>
      <point>
        <x>61.6666</x>
        <y>1.75</y>
      </point>
      <point>
        <x>65.5555</x>
        <y>1.75</y>
      </point>
      <point>
        <x>69.4444</x>
        <y>1.75</y>
      </point>
      <point>
        <x>73.3333</x>
        <y>1.75</y>
      </point>
      <point>
        <x>77.2222</x>
        <y>1.75</y>
      </point>
      <point>
        <x>81.1111</x>
        <y>1.75</y>
      </point>
      <point>
        <x>85.0</x>
        <y>1.75</y>
      </point>
      <lineMarking>dashed</lineMarking>
    </leftBound>
    <rightBound>
      <point>
        <x>49.9999</x>
        <y>-1.75</y>
      </point>
      <point>
        <x>53.8888</x>
        <y>-1.75</y>
      </point>
      <point>
        <x>57.7777</x>
        <y>-1.75</y>
      </point>
      <point>
        <x>61.6666</x>
        <y>-1.75</y>
      </point>
      <point>
        <x>65.5555</x>
        <y>-1.75</y>
      </point>
      <point>
        <x>69.4444</x>
        <y>-1.75</y>
      </point>
      <point>
        <x>73.3333</x>
        <y>-1.75</y>
      </point>
      <point>
        <x>77.2222</x>
        <y>-1.75</y>
      </point>
      <point>
        <x>81.1111</x>
        <y>-1.75</y>
      </point>
      <point>
        <x>85.0</x>
        <y>-1.75</y>
      </point>
      <lineMarking>solid</lineMarking>
    </rightBound>
    <predecessor ref="3"/>
    <predecessor ref="11"/>
    <predecessor ref="18"/>
    <adjacentLeft ref="10" drivingDir="opposite"/>
    <laneletType>intersection</laneletType>
    <userOneWay>vehicle</userOneWay>
  </lanelet>
  <lanelet id="10">
    <leftBound>
      <point>
        <x>85.0</x>
        <y>1.75</y>
      </point>
      <point>
        <x>81.1111</x>
        <y>1.75</y>
      </point>
      <point>
        <x>77.2222</x>
        <y>1.75</y>
      </point>
      <point>
        <x>73.3333</x>
        <y>1.75</y>
      </point>
      <point>
        <x>69.4444</x>
        <y>1.75</y>
      </point>
      <point>
        <x>65.5555</x>
        <y>1.75</y>
      </point>
      <point>
        <x>61.6666</x>
        <y>1.75</y>
      </point>
      <point>
        <x>57.7777</x>
        <y>1.75</y>
      </point>
      <point>
        <x>53.8888</x>
        <y>1.75</y>
      </point>
      <point>
        <x>49.9999</x>
        <y>1.7499</y>
      </point>
      <lineMarking>dashed</lineMarking>
    </leftBound>
    <rightBound>
      <point>
        <x>85.0</x>
        <y>5.25</y>
      </point>
      <point>
        <x>81.1111</x>
        <y>5.25</y>
      </point>
      <point>
        <x>77.2222</x>
        <y>5.25</y>
      </point>
      <point>
        <x>73.3333</x>
        <y>5.25</y>
      </point>
      <point>
        <x>69.4444</x>
        <y>5.25</y>
      </point>
      <point>
        <x>65.5555</x>
        <y>5.25</y>
      </point>
      <point>
        <x>61.6666</x>
        <y>5.25</y>
      </point>
      <point>
        <x>57.7777</x>
        <y>5.25</y>
      </point>
      <point>
        <x>53.8888</x>
        <y>5.25</y>
      </point>
      <point>
        <x>50.0</x>
        <y>5.2499</y>
      </point>
      <lineMarking>solid</lineMarking>
    </rightBound>
    <successor ref="17"/>
    <successor ref="12"/>
    <successor ref="4"/>
    <adjacentLeft ref="9" drivingDir="opposite"/>
    <stopLine>
      <point>
        <x>50.0000</x>
        <y>1.7499</y>
      </point>
      <point>
        <x>50.0</x>
        <y>5.2499</y>
      </point>
      <lineMarking>solid</lineMarking>
      <trafficSignRef ref="27"/>
    </stopLine>
    <laneletType>intersection</laneletType>
    <userOneWay>vehicle</userOneWay>
    <trafficSignRef ref="27"/>
  </lanelet>
  <lanelet id="11">
    <leftBound>
      <point>
        <x>42.5</x>
        <y>9.2499</y>
      </point>
      <point>
        <x>42.5256</x>
        <y>8.6306</y>
      </point>
      <point>
        <x>42.6022</x>
        <y>8.0155</y>
      </point>
      <point>
        <x>42.7294</x>
        <y>7.4088</y>
      </point>
      <point>
        <x>42.9063</x>
        <y>6.8147</y>
      </point>
      <point>
        <x>43.1317</x>
        <y>6.2372</y>
      </point>
      <point>
        <x>43.4039</x>
        <y>5.6803</y>
      </point>
      <point>
        <x>43.7212</x>
        <y>5.1478</y>
      </point>
      <point>
        <x>44.0814</x>
        <y>4.6434</y>
      </point>
      <point>
        <x>44.482</x>
        <y>4.1703</y>
      </point>
      <point>
        <x>44.9203</x>
        <y>3.732</y>
      </point>
      <point>
        <x>45.3934</x>
        <y>3.3314</y>
      </point>
      <point>
        <x>45.8978</x>
        <y>2.9712</y>
      </point>
      <point>
        <x>46.4303</x>
        <y>2.6539</y>
      </point>
      <point>
        <x>46.9872</x>
        <y>2.3817</y>
      </point>
      <point>
        <x>47.5647</x>
        <y>2.1563</y>
      </point>
      <point>
        <x>48.1588</x>
        <y>1.9794</y>
      </point>
      <point>
        <x>48.7655</x>
        <y>1.8522</y>
      </point>
      <point>
        <x>49.3806</x>
        <y>1.7756</y>
      </point>
      <point>
        <x>49.9999</x>
        <y>1.7499</y>
      </point>
      <lineMarking>no_marking</lineMarking>
    </leftBound>
    <rightBound>
      <point>
        <x>39.0</x>
        <y>9.25</y>
      </point>
      <point>
        <x>39.0375</x>
        <y>8.3416</y>
      </point>
      <point>
        <x>39.15</x>
        <y>7.4394</y>
      </point>
      <point>
        <x>39.3365</x>
        <y>6.5496</y>
      </point>
      <point>
        <x>39.596</x>
        <y>5.6783</y>
      </point>
      <point>
        <x>39.9264</x>
        <y>4.8313</y>
      </point>
      <point>
        <x>40.3257</x>
        <y>4.0145</y>
      </point>
      <point>
        <x>40.7911</x>
        <y>3.2335</y>
      </point>
      <point>
        <x>41.3194</x>
        <y>2.4936</y>
      </point>
      <point>
        <x>41.907</x>
        <y>1.7999</y>
      </point>
      <point>
        <x>42.5499</x>
        <y>1.157</y>
      </point>
      <point>
        <x>43.2436</x>
        <y>0.5694</y>
      </point>
      <point>
        <x>43.9835</x>
        <y>0.0411</y>
      </point>
      <point>
        <x>44.7645</x>
        <y>-0.4242</y>
      </point>
      <point>
        <x>45.5813</x>
        <y>-0.8235</y>
      </point>
      <point>
        <x>46.4283</x>
        <y>-1.1539</y>
      </point>
      <point>
        <x>47.2996</x>
        <y>-1.4134</y>
      </point>
      <point>
        <x>48.1894</x>
        <y>-1.5999</y>
      </point>
      <point>
        <x>49.0916</x>
        <y>-1.7124</y>
      </point>
      <point>
        <x>49.9999</x>
        <y>-1.75</y>
      </point>
      <lineMarking>no_marking</lineMarking>
    </rightBound>
    <predecessor ref="8"/>
    <successor ref="9"/>
    <adjacentLeft ref="12" drivingDir="opposite"/>
    <laneletType>intersection</laneletType>
    <userOneWay>vehicle</userOneWay>
  </lanelet>
  <lanelet id="12">
    <leftBound>
      <point>
        <x>49.9999</x>
        <y>1.7499</y>
      </point>
      <point>
        <x>49.3806</x>
        <y>1.7756</y>
      </point>
      <point>
        <x>48.7655</x>
        <y>1.8522</y>
      </point>
      <point>
        <x>48.1588</x>
        <y>1.9794</y>
      </point>
      <point>
        <x>47.5647</x>
        <y>2.1563</y>
      </point>
      <point>
        <x>46.9872</x>
        <y>2.3817</y>
      </point>
      <point>
        <x>46.4303</x>
        <y>2.6539</y>
      </point>
      <point>
        <x>45.8978</x>
        <y>2.9712</y>
      </point>
      <point>
        <x>45.3934</x>
        <y>3.3314</y>
      </point>
      <point>
        <x>44.9203</x>
        <y>3.732</y>
      </point>
      <point>
        <x>44.482</x>
        <y>4.1703</y>
      </point>
      <point>
        <x>44.0814</x>
        <y>4.6434</y>
      </point>
      <point>
        <x>43.7212</x>
        <y>5.1478</y>
      </point>
      <point>
        <x>43.4039</x>
        <y>5.6803</y>
      </point>
      <point>
        <x>43.1317</x>
        <y>6.2372</y>
      </point>
      <point>
        <x>42.9063</x>
        <y>6.8147</y>
      </point>
      <point>
        <x>42.7294</x>
        <y>7.4088</y>
      </point>
      <point>
        <x>42.6022</x>
        <y>8.0155</y>
      </point>
      <point>
        <x>42.5256</x>
        <y>8.6306</y>
      </point>
      <point>
        <x>42.5</x>
        <y>9.2499</y>
      </point>
      <lineMarking>no_marking</lineMarking>
    </leftBound>
    <rightBound>
      <point>
        <x>50.0</x>
        <y>5.2499</y>
      </point>
      <point>
        <x>49.6696</x>
        <y>5.2636</y>
      </point>
      <point>
        <x>49.3416</x>
        <y>5.3045</y>
      </point>
      <point>
        <x>49.018</x>
        <y>5.3723</y>
      </point>
      <point>
        <x>48.7012</x>
        <y>5.4667</y>
      </point>
      <point>
        <x>48.3932</x>
        <y>5.5869</y>
      </point>
      <point>
        <x>48.0962</x>
        <y>5.7321</y>
      </point>
      <point>
        <x>47.8122</x>
        <y>5.9013</y>
      </point>
      <point>
        <x>47.5431</x>
        <y>6.0934</y>
      </point>
      <point>
        <x>47.2908</x>
        <y>6.3071</y>
      </point>
      <point>
        <x>47.0571</x>
        <y>6.5408</y>
      </point>
      <point>
        <x>46.8434</x>
        <y>6.7931</y>
      </point>
      <point>
        <x>46.6513</x>
        <y>7.0622</y>
      </point>
      <point>
        <x>46.4821</x>
        <y>7.3462</y>
      </point>
      <point>
        <x>46.3369</x>
        <y>7.6432</y>
      </point>
      <point>
        <x>46.2167</x>
        <y>7.9512</y>
      </point>
      <point>
        <x>46.1223</x>
        <y>8.268</y>
      </point>
      <point>
        <x>46.0545</x>
        <y>8.5916</y>
      </point>
      <point>
        <x>46.0136</x>
        <y>8.9196</y>
      </point>
      <point>
        <x>46.0</x>
        <y>9.2499</y>
      </point>
      <lineMarking>solid</lineMarking>
    </rightBound>
    <predecessor ref="10"/>
    <successor ref="7"/>
    <adjacentLeft ref="11" drivingDir="opposite"/>
    <laneletType>intersection</laneletType>
    <userOneWay>vehicle</userOneWay>
  </lanelet>
  <lanelet id="13">
    <leftBound>
      <point>
        <x>42.5</x>
        <y>9.2499</y>
      </point>
      <point>
        <x>42.5</x>
        <y>7.5833</y>
      </point>
      <point>
        <x>42.5</x>
        <y>5.9166</y>
      </point>
      <point>
        <x>42.4999</x>
        <y>4.2499</y>
      </point>
      <point>
        <x>42.4999</x>
        <y>2.5833</y>
      </point>
      <point>
        <x>42.4999</x>
        <y>0.9166</y>
      </point>
      <point>
        <x>42.4999</x>
        <y>-0.75</y>
      </point>
      <point>
        <x>42.4999</x>
        <y>-2.4166</y>
      </point>
      <point>
        <x>42.4999</x>
        <y>-4.0833</y>
      </point>
      <point>
        <x>42.4999</x>
        <y>-5.7499</y>
      </point>
      <lineMarking>no_marking</lineMarking>
    </leftBound>
    <rightBound>
      <point>
        <x>39.0</x>
        <y>9.25</y>
      </point>
      <point>
        <x>39.0</x>
        <y>7.5833</y>
      </point>
      <point>
        <x>39.0</x>
        <y>5.9166</y>
      </point>
      <point>
        <x>38.9999</x>
        <y>4.25</y>
      </point>
      <point>
        <x>38.9999</x>
        <y>2.5833</y>
      </point>
      <point>
        <x>38.9999</x>
        <y>0.9166</y>
      </point>
      <point>
        <x>38.9999</x>
        <y>-0.7499</y>
      </point>
      <point>
        <x>38.9999</x>
        <y>-2.4166</y>
      </point>
      <point>
        <x>38.9999</x>
        <y>-4.0833</y>
      </point>
      <point>
        <x>38.9999</x>
        <y>-5.7499</y>
      </point>
      <lineMarking>no_marking</lineMarking>
    </rightBound>
    <predecessor ref="8"/>
    <successor ref="15"/>
    <adjacentLeft ref="14" drivingDir="opposite"/>
    <laneletType>intersection</laneletType>
    <userOneWay>vehicle</userOneWay>
  </lanelet>
  <lanelet id="14">
    <leftBound>
      <point>
        <x>42.4999</x>
        <y>-5.7499</y>
      </point>
      <point>
        <x>42.4999</x>
        <y>-4.0833</y>
      </point>
      <point>
        <x>42.4999</x>
        <y>-2.4166</y>
      </point>
      <point>
        <x>42.4999</x>
        <y>-0.75</y>
      </point>
      <point>
        <x>42.4999</x>
        <y>0.9166</y>
      </point>
      <point>
        <x>42.4999</x>
        <y>2.5833</y>
      </point>
      <point>
        <x>42.4999</x>
        <y>4.2499</y>
      </point>
      <point>
        <x>42.5</x>
        <y>5.9166</y>
      </point>
      <point>
        <x>42.5</x>
        <y>7.5833</y>
      </point>
      <point>
        <x>42.5</x>
        <y>9.2499</y>
      </point>
      <lineMarking>no_marking</lineMarking>
    </leftBound>
    <rightBound>
      <point>
        <x>45.9999</x>
        <y>-5.7499</y>
      </point>
      <point>
        <x>45.9999</x>
        <y>-4.0833</y>
      </point>
      <point>
        <x>45.9999</x>
        <y>-2.4166</y>
      </point>
      <point>
        <x>45.9999</x>
        <y>-0.75</y>
      </point>
      <point>
        <x>45.9999</x>
        <y>0.9166</y>
      </point>
      <point>
        <x>45.9999</x>
        <y>2.5833</y>
      </point>
      <point>
        <x>45.9999</x>
        <y>4.2499</y>
      </point>
      <point>
        <x>46.0</x>
        <y>5.9166</y>
      </point>
      <point>
        <x>46.0</x>
        <y>7.5833</y>
      </point>
      <point>
        <x>46.0</x>
        <y>9.2499</y>
      </point>
      <lineMarking>no_marking</lineMarking>
    </rightBound>
    <predecessor ref="16"/>
    <successor ref="7"/>
    <adjacentLeft ref="13" drivingDir="opposite"/>
    <laneletType>intersection</laneletType>
    <userOneWay>vehicle</userOneWay>
  </lanelet>
  <lanelet id="15">
    <leftBound>
      <point>
        <x>42.4999</x>
        <y>-5.7499</y>
      </point>
      <point>
        <x>42.4999</x>
        <y>-9.6388</y>
      </point>
      <point>
        <x>42.4999</x>
        <y>-13.5277</y>
      </point>
      <point>
        <x>42.4999</x>
        <y>-17.4166</y>
      </point>
      <point>
        <x>42.4999</x>
        <y>-21.3055</y>
      </point>
      <point>
        <x>42.4999</x>
        <y>-25.1944</y>
      </point>
      <point>
        <x>42.4999</x>
        <y>-29.0833</y>
      </point>
      <point>
        <x>42.4999</x>
        <y>-32.9722</y>
      </point>
      <point>
        <x>42.4999</x>
        <y>-36.8611</y>
      </point>
      <point>
        <x>42.4999</x>
        <y>-40.75</y>
      </point>
      <lineMarking>dashed</lineMarking>
    </leftBound>
    <rightBound>
      <point>
        <x>38.9999</x>
        <y>-5.7499</y>
      </point>
      <point>
        <x>38.9999</x>
        <y>-9.6388</y>
      </point>
      <point>
        <x>38.9999</x>
        <y>-13.5277</y>
      </point>
      <point>
        <x>38.9999</x>
        <y>-17.4166</y>
      </point>
      <point>
        <x>38.9999</x>
        <y>-21.3055</y>
      </point>
      <point>
        <x>38.9999</x>
        <y>-25.1944</y>
      </point>
      <point>
        <x>38.9999</x>
        <y>-29.0833</y>
      </point>
      <point>
        <x>38.9999</x>
        <y>-32.9722</y>
      </point>
      <point>
        <x>38.9999</x>
        <y>-36.8611</y>
      </point>
      <point>
        <x>38.9999</x>
        <y>-40.75</y>
      </point>
      <lineMarking>solid</lineMarking>
    </rightBound>
    <predecessor ref="13"/>
    <predecessor ref="17"/>
    <predecessor ref="20"/>
    <adjacentLeft ref="16" drivingDir="opposite"/>
    <laneletType>intersection</laneletType>
    <userOneWay>vehicle</userOneWay>
  </lanelet>
  <lanelet id="16">
    <leftBound>
      <point>
        <x>42.4999</x>
        <y>-40.75</y>
      </point>
      <point>
        <x>42.4999</x>
        <y>-36.8611</y>
      </point>
      <point>
        <x>42.4999</x>
        <y>-32.9722</y>
      </point>
      <point>
        <x>42.4999</x>
        <y>-29.0833</y>
      </point>
      <point>
        <x>42.4999</x>
        <y>-25.1944</y>
      </point>
      <point>
        <x>42.4999</x>
        <y>-21.3055</y>
      </point>
      <point>
        <x>42.4999</x>
        <y>-17.4166</y>
      </point>
      <point>
        <x>42.4999</x>
        <y>-13.5277</y>
      </point>
      <point>
        <x>42.4999</x>
        <y>-9.6388</y>
      </point>
      <point>
        <x>42.4999</x>
        <y>-5.7499</y>
      </point>
      <lineMarking>dashed</lineMarking>
    </leftBound>
    <rightBound>
      <point>
        <x>45.9999</x>
        <y>-40.75</y>
      </point>
      <point>
        <x>45.9999</x>
        <y>-36.8611</y>
      </point>
      <point>
        <x>45.9999</x>
        <y>-32.9722</y>
      </point>
      <point>
        <x>45.9999</x>
        <y>-29.0833</y>
      </point>
      <point>
        <x>45.9999</x>
        <y>-25.1944</y>
      </point>
      <point>
        <x>45.9999</x>
        <y>-21.3055</y>
      </point>
      <point>
        <x>45.9999</x>
        <y>-17.4166</y>
      </point>
      <point>
        <x>45.9999</x>
        <y>-13.5277</y>
      </point>
      <point>
        <x>45.9999</x>
        <y>-9.6388</y>
      </point>
      <point>
        <x>45.9999</x>
        <y>-5.7499</y>
      </point>
      <lineMarking>solid</lineMarking>
    </rightBound>
    <successor ref="19"/>
    <successor ref="18"/>
    <successor ref="14"/>
    <adjacentLeft ref="15" drivingDir="opposite"/>
    <stopLine>
      <point>
        <x>42.4999</x>
        <y>-5.7499</y>
      </point>
      <point>
        <x>45.9999</x>
        <y>-5.7500</y>
      </point>
      <lineMarking>solid</lineMarking>
      <trafficSignRef ref="28"/>
    </stopLine>
    <laneletType>intersection</laneletType>
    <userOneWay>vehicle</userOneWay>
    <trafficSignRef ref="28"/>
  </lanelet>
  <lanelet id="17">
    <leftBound>
      <point>
        <x>49.9999</x>
        <y>1.7499</y>
      </point>
      <point>
        <x>49.3806</x>
        <y>1.7243</y>
      </point>
      <point>
        <x>48.7655</x>
        <y>1.6477</y>
      </point>
      <point>
        <x>48.1588</x>
        <y>1.5205</y>
      </point>
      <point>
        <x>47.5647</x>
        <y>1.3436</y>
      </point>
      <point>
        <x>46.9872</x>
        <y>1.1182</y>
      </point>
      <point>
        <x>46.4303</x>
        <y>0.846</y>
      </point>
      <point>
        <x>45.8978</x>
        <y>0.5287</y>
      </point>
      <point>
        <x>45.3934</x>
        <y>0.1685</y>
      </point>
      <point>
        <x>44.9203</x>
        <y>-0.232</y>
      </point>
      <point>
        <x>44.482</x>
        <y>-0.6703</y>
      </point>
      <point>
        <x>44.0814</x>
        <y>-1.1434</y>
      </point>
      <point>
        <x>43.7212</x>
        <y>-1.6478</y>
      </point>
      <point>
        <x>43.4039</x>
        <y>-2.1803</y>
      </point>
      <point>
        <x>43.1317</x>
        <y>-2.7372</y>
      </point>
      <point>
        <x>42.9063</x>
        <y>-3.3147</y>
      </point>
      <point>
        <x>42.7294</x>
        <y>-3.9088</y>
      </point>
      <point>
        <x>42.6022</x>
        <y>-4.5155</y>
      </point>
      <point>
        <x>42.5256</x>
        <y>-5.1306</y>
      </point>
      <point>
        <x>42.4999</x>
        <y>-5.7499</y>
      </point>
      <lineMarking>no_marking</lineMarking>
    </leftBound>
    <rightBound>
      <point>
        <x>50.0</x>
        <y>5.2499</y>
      </point>
      <point>
        <x>49.0916</x>
        <y>5.2124</y>
      </point>
      <point>
        <x>48.1894</x>
        <y>5.0999</y>
      </point>
      <point>
        <x>47.2996</x>
        <y>4.9134</y>
      </point>
      <point>
        <x>46.4283</x>
        <y>4.6539</y>
      </point>
      <point>
        <x>45.5813</x>
        <y>4.3235</y>
      </point>
      <point>
        <x>44.7645</x>
        <y>3.9242</y>
      </point>
      <point>
        <x>43.9835</x>
        <y>3.4588</y>
      </point>
      <point>
        <x>43.2436</x>
        <y>2.9305</y>
      </point>
      <point>
        <x>42.5499</x>
        <y>2.3429</y>
      </point>
      <point>
        <x>41.907</x>
        <y>1.7</y>
      </point>
      <point>
        <x>41.3194</x>
        <y>1.0063</y>
      </point>
      <point>
        <x>40.7911</x>
        <y>0.2664</y>
      </point>
      <point>
        <x>40.3257</x>
        <y>-0.5145</y>
      </point>
      <point>
        <x>39.9264</x>
        <y>-1.3313</y>
      </point>
      <point>
        <x>39.596</x>
        <y>-2.1783</y>
      </point>
      <point>
        <x>39.3365</x>
        <y>-3.0496</y>
      </point>
      <point>
        <x>39.15</x>
        <y>-3.9394</y>
      </point>
      <point>
        <x>39.0375</x>
        <y>-4.8416</y>
      </point>
      <point>
        <x>38.9999</x>
        <y>-5.7499</y>
      </point>
      <lineMarking>no_marking</lineMarking>
    </rightBound>
    <predecessor ref="10"/>
    <successor ref="15"/>
    <adjacentLeft ref="18" drivingDir="opposite"/>
    <laneletType>intersection</laneletType>
    <userOneWay>vehicle</userOneWay>
  </lanelet>
  <lanelet id="18">
    <leftBound>
      <point>
        <x>42.4999</x>
        <y>-5.7499</y>
      </point>
      <point>
        <x>42.5256</x>
        <y>-5.1306</y>
      </point>
      <point>
        <x>42.6022</x>
        <y>-4.5155</y>
      </point>
      <point>
        <x>42.7294</x>
        <y>-3.9088</y>
      </point>
      <point>
        <x>42.9063</x>
        <y>-3.3147</y>
      </point>
      <point>
        <x>43.1317</x>
        <y>-2.7372</y>
      </point>
      <point>
        <x>43.4039</x>
        <y>-2.1803</y>
      </point>
      <point>
        <x>43.7212</x>
        <y>-1.6478</y>
      </point>
      <point>
        <x>44.0814</x>
        <y>-1.1434</y>
      </point>
      <point>
        <x>44.482</x>
        <y>-0.6703</y>
      </point>
      <point>
        <x>44.9203</x>
        <y>-0.232</y>
      </point>
      <point>
        <x>45.3934</x>
        <y>0.1685</y>
      </point>
      <point>
        <x>45.8978</x>
        <y>0.5287</y>
      </point>
      <point>
        <x>46.4303</x>
        <y>0.846</y>
      </point>
      <point>
        <x>46.9872</x>
        <y>1.1182</y>
      </point>
      <point>
        <x>47.5647</x>
        <y>1.3436</y>
      </point>
      <point>
        <x>48.1588</x>
        <y>1.5205</y>
      </point>
      <point>
        <x>48.7655</x>
        <y>1.6477</y>
      </point>
      <point>
        <x>49.3806</x>
        <y>1.7243</y>
      </point>
      <point>
        <x>49.9999</x>
        <y>1.7499</y>
      </point>
      <lineMarking>no_marking</lineMarking>
    </leftBound>
    <rightBound>
      <point>
        <x>45.9999</x>
        <y>-5.7499</y>
      </point>
      <point>
        <x>46.0136</x>
        <y>-5.4196</y>
      </point>
      <point>
        <x>46.0545</x>
        <y>-5.0916</y>
      </point>
      <point>
        <x>46.1223</x>
        <y>-4.768</y>
      </point>
      <point>
        <x>46.2167</x>
        <y>-4.4512</y>
      </point>
      <point>
        <x>46.3369</x>
        <y>-4.1432</y>
      </point>
      <point>
        <x>46.4821</x>
        <y>-3.8462</y>
      </point>
      <point>
        <x>46.6513</x>
        <y>-3.5622</y>
      </point>
      <point>
        <x>46.8434</x>
        <y>-3.2931</y>
      </point>
      <point>
        <x>47.0571</x>
        <y>-3.0408</y>
      </point>
      <point>
        <x>47.2908</x>
        <y>-2.8071</y>
      </point>
      <point>
        <x>47.5431</x>
        <y>-2.5934</y>
      </point>
      <point>
        <x>47.8122</x>
        <y>-2.4013</y>
      </point>
      <point>
        <x>48.0962</x>
        <y>-2.2321</y>
      </point>
      <point>
        <x>48.3932</x>
        <y>-2.0869</y>
      </point>
      <point>
        <x>48.7012</x>
        <y>-1.9667</y>
      </point>
      <point>
        <x>49.018</x>
        <y>-1.8723</y>
      </point>
      <point>
        <x>49.3416</x>
        <y>-1.8045</y>
      </point>
      <point>
        <x>49.6696</x>
        <y>-1.7636</y>
      </point>
      <point>
        <x>49.9999</x>
        <y>-1.75</y>
      </point>
      <lineMarking>solid</lineMarking>
    </rightBound>
    <predecessor ref="16"/>
    <successor ref="9"/>
    <adjacentLeft ref="17" drivingDir="opposite"/>
    <laneletType>intersection</laneletType>
    <userOneWay>vehicle</userOneWay>
  </lanelet>
  <lanelet id="19">
    <leftBound>
      <point>
        <x>42.4999</x>
        <y>-5.7499</y>
      </point>
      <point>
        <x>42.4743</x>
        <y>-5.1306</y>
      </point>
      <point>
        <x>42.3977</x>
        <y>-4.5155</y>
      </point>
      <point>
        <x>42.2705</x>
        <y>-3.9088</y>
      </point>
      <point>
        <x>42.0936</x>
        <y>-3.3147</y>
      </point>
      <point>
        <x>41.8682</x>
        <y>-2.7372</y>
      </point>
      <point>
        <x>41.596</x>
        <y>-2.1803</y>
      </point>
      <point>
        <x>41.2787</x>
        <y>-1.6478</y>
      </point>
      <point>
        <x>40.9185</x>
        <y>-1.1434</y>
      </point>
      <point>
        <x>40.5179</x>
        <y>-0.6703</y>
      </point>
      <point>
        <x>40.0796</x>
        <y>-0.232</y>
      </point>
      <point>
        <x>39.6065</x>
        <y>0.1685</y>
      </point>
      <point>
        <x>39.1021</x>
        <y>0.5287</y>
      </point>
      <point>
        <x>38.5696</x>
        <y>0.846</y>
      </point>
      <point>
        <x>38.0127</x>
        <y>1.1182</y>
      </point>
      <point>
        <x>37.4352</x>
        <y>1.3436</y>
      </point>
      <point>
        <x>36.8411</x>
        <y>1.5205</y>
      </point>
      <point>
        <x>36.2344</x>
        <y>1.6477</y>
      </point>
      <point>
        <x>35.6193</x>
        <y>1.7243</y>
      </point>
      <point>
        <x>34.9999</x>
        <y>1.75</y>
      </point>
      <lineMarking>no_marking</lineMarking>
    </leftBound>
    <rightBound>
      <point>
        <x>45.9999</x>
        <y>-5.7499</y>
      </point>
      <point>
        <x>45.9624</x>
        <y>-4.8416</y>
      </point>
      <point>
        <x>45.8499</x>
        <y>-3.9394</y>
      </point>
      <point>
        <x>45.6634</x>
        <y>-3.0496</y>
      </point>
      <point>
        <x>45.4039</x>
        <y>-2.1783</y>
      </point>
      <point>
        <x>45.0735</x>
        <y>-1.3313</y>
      </point>
      <point>
        <x>44.6742</x>
        <y>-0.5145</y>
      </point>
      <point>
        <x>44.2088</x>
        <y>0.2664</y>
      </point>
      <point>
        <x>43.6805</x>
        <y>1.0063</y>
      </point>
      <point>
        <x>43.0929</x>
        <y>1.7</y>
      </point>
      <point>
        <x>42.45</x>
        <y>2.3429</y>
      </point>
      <point>
        <x>41.7563</x>
        <y>2.9305</y>
      </point>
      <point>
        <x>41.0164</x>
        <y>3.4588</y>
      </point>
      <point>
        <x>40.2354</x>
        <y>3.9242</y>
      </point>
      <point>
        <x>39.4186</x>
        <y>4.3235</y>
      </point>
      <point>
        <x>38.5716</x>
        <y>4.6539</y>
      </point>
      <point>
        <x>37.7003</x>
        <y>4.9134</y>
      </point>
      <point>
        <x>36.8105</x>
        <y>5.0999</y>
      </point>
      <point>
        <x>35.9083</x>
        <y>5.2124</y>
      </point>
      <point>
        <x>35.0</x>
        <y>5.25</y>
      </point>
      <lineMarking>no_marking</lineMarking>
    </rightBound>
    <predecessor ref="16"/>
    <successor ref="2"/>
    <adjacentLeft ref="20" drivingDir="opposite"/>
    <laneletType>intersection</laneletType>
    <userOneWay>vehicle</userOneWay>
  </lanelet>
  <lanelet id="20">
    <leftBound>
      <point>
        <x>34.9999</x>
        <y>1.75</y>
      </point>
      <point>
        <x>35.6193</x>
        <y>1.7243</y>
      </point>
      <point>
        <x>36.2344</x>
        <y>1.6477</y>
      </point>
      <point>
        <x>36.8411</x>
        <y>1.5205</y>
      </point>
      <point>
        <x>37.4352</x>
        <y>1.3436</y>
      </point>
      <point>
        <x>38.0127</x>
        <y>1.1182</y>
      </point>
      <point>
        <x>38.5696</x>
        <y>0.846</y>
      </point>
      <point>
        <x>39.1021</x>
        <y>0.5287</y>
      </point>
      <point>
        <x>39.6065</x>
        <y>0.1685</y>
      </point>
      <point>
        <x>40.0796</x>
        <y>-0.232</y>
      </point>
      <point>
        <x>40.5179</x>
        <y>-0.6703</y>
      </point>
      <point>
        <x>40.9185</x>
        <y>-1.1434</y>
      </point>
      <point>
        <x>41.2787</x>
        <y>-1.6478</y>
      </point>
      <point>
        <x>41.596</x>
        <y>-2.1803</y>
      </point>
      <point>
        <x>41.8682</x>
        <y>-2.7372</y>
      </point>
      <point>
        <x>42.0936</x>
        <y>-3.3147</y>
      </point>
      <point>
        <x>42.2705</x>
        <y>-3.9088</y>
      </point>
      <point>
        <x>42.3977</x>
        <y>-4.5155</y>
      </point>
      <point>
        <x>42.4743</x>
        <y>-5.1306</y>
      </point>
      <point>
        <x>42.4999</x>
        <y>-5.7499</y>
      </point>
      <lineMarking>no_marking</lineMarking>
    </leftBound>
    <rightBound>
      <point>
        <x>34.9999</x>
        <y>-1.7499</y>
      </point>
      <point>
        <x>35.3303</x>
        <y>-1.7636</y>
      </point>
      <point>
        <x>35.6583</x>
        <y>-1.8045</y>
      </point>
      <point>
        <x>35.9819</x>
        <y>-1.8723</y>
      </point>
      <point>
        <x>36.2987</x>
        <y>-1.9667</y>
      </point>
      <point>
        <x>36.6067</x>
        <y>-2.0869</y>
      </point>
      <point>
        <x>36.9037</x>
        <y>-2.2321</y>
      </point>
      <point>
        <x>37.1877</x>
        <y>-2.4013</y>
      </point>
      <point>
        <x>37.4568</x>
        <y>-2.5934</y>
      </point>
      <point>
        <x>37.7091</x>
        <y>-2.8071</y>
      </point>
      <point>
        <x>37.9428</x>
        <y>-3.0408</y>
      </point>
      <point>
        <x>38.1565</x>
        <y>-3.2931</y>
      </point>
      <point>
        <x>38.3486</x>
        <y>-3.5622</y>
      </point>
      <point>
        <x>38.5178</x>
        <y>-3.8462</y>
      </point>
      <point>
        <x>38.663</x>
        <y>-4.1432</y>
      </point>
      <point>
        <x>38.7832</x>
        <y>-4.4512</y>
      </point>
      <point>
        <x>38.8776</x>
        <y>-4.768</y>
      </point>
      <point>
        <x>38.9454</x>
        <y>-5.0916</y>
      </point>
      <point>
        <x>38.9863</x>
        <y>-5.4196</y>
      </point>
      <point>
        <x>38.9999</x>
        <y>-5.7499</y>
      </point>
      <lineMarking>solid</lineMarking>
    </rightBound>
    <predecessor ref="1"/>
    <successor ref="15"/>
    <adjacentLeft ref="19" drivingDir="opposite"/>
    <laneletType>intersection</laneletType>
    <userOneWay>vehicle</userOneWay>
  </lanelet>
  <trafficSign id="26">
    <trafficSignElement>
      <trafficSignID>102</trafficSignID>
    </trafficSignElement>
    <position>
      <point>
        <x>31.0</x>
        <y>-2.25</y>
      </point>
    </position>
    <virtual>false</virtual>
  </trafficSign>
  <trafficSign id="27">
    <trafficSignElement>
      <trafficSignID>102</trafficSignID>
    </trafficSignElement>
    <position>
      <point>
        <x>54.0</x>
        <y>5.75</y>
      </point>
    </position>
    <virtual>false</virtual>
  </trafficSign>
  <trafficSign id="28">
    <trafficSignElement>
      <trafficSignID>102</trafficSignID>
    </trafficSignElement>
    <position>
      <point>
        <x>46.4999</x>
        <y>-11.75</y>
      </point>
    </position>
    <virtual>false</virtual>
  </trafficSign>
  <trafficSign id="29">
    <trafficSignElement>
      <trafficSignID>102</trafficSignID>
    </trafficSignElement>
    <position>
      <point>
        <x>38.5</x>
        <y>15.25</y>
      </point>
    </position>
    <virtual>false</virtual>
  </trafficSign>
  <intersection id="25">
    <incoming id="21">
      <incomingLanelet ref="1"/>
      <successorsRight ref="20"/>
      <successorsStraight ref="3"/>
      <successorsLeft ref="5"/>
      <isLeftOf ref="24"/>
    </incoming>
    <incoming id="22">
      <incomingLanelet ref="8"/>
      <successorsRight ref="6"/>
      <successorsStraight ref="13"/>
      <successorsLeft ref="11"/>
      <isLeftOf ref="21"/>
    </incoming>
    <incoming id="23">
      <incomingLanelet ref="10"/>
      <successorsRight ref="12"/>
      <successorsStraight ref="4"/>
      <successorsLeft ref="17"/>
      <isLeftOf ref="22"/>
    </incoming>
    <incoming id="24">
      <incomingLanelet ref="16"/>
      <successorsRight ref="18"/>
      <successorsStraight ref="14"/>
      <successorsLeft ref="19"/>
      <isLeftOf ref="23"/>
    </incoming>
  </intersection>
  <dynamicObstacle id="31">
    <type>car</type>
    <shape>
      <rectangle>
        <length>4.5</length>
        <width>2.0</width>
      </rectangle>
    </shape>
    <initialState>
      <position>
        <point>
          <x>40.75</x>
          <y>38.0</y>
        </point>
      </position>
      <orientation>
        <exact>-1.57</exact>
      </orientation>
      <time>
        <exact>0</exact>
      </time>
      <velocity>
        <exact>16.0</exact>
      </velocity>
    </initialState>
    <trajectory>
      <state>
        <position>
          <point>
            <x>40.75</x>
            <y>36.4</y>
          </point>
        </position>
        <orientation>
          <exact>-1.57</exact>
        </orientation>
        <time>
          <exact>1</exact>
        </time>
        <velocity>
          <exact>16.0</exact>
        </velocity>
      </state>
      <state>
        <position>
          <point>
            <x>40.75</x>
            <y>34.8</y>
          </point>
        </position>
        <orientation>
          <exact>-1.57</exact>
        </orientation>
        <time>
          <exact>2</exact>
        </time>
        <velocity>
          <exact>16.0</exact>
        </velocity>
      </state>
      <state>
        <position>
          <point>
            <x>40.75</x>
            <y>33.2</y>
          </point>
        </position>
        <orientation>
          <exact>-1.57</exact>
        </orientation>
        <time>
          <exact>3</exact>
        </time>
        <velocity>
          <exact>16.0</exact>
        </velocity>
      </state>
      <state>
        <position>
          <point>
            <x>40.75</x>
            <y>31.6</y>
          </point>
        </position>
        <orientation>
          <exact>-1.57</exact>
        </orientation>
        <time>
          <exact>4</exact>
        </time>
        <velocity>
          <exact>16.0</exact>
        </velocity>
      </state>
      <state>
        <position>
          <point>
            <x>40.75</x>
            <y>30.0</y>
          </point>
        </position>
        <orientation>
          <exact>-1.57</exact>
        </orientation>
        <time>
          <exact>5</exact>
        </time>
        <velocity>
          <exact>16.0</exact>
        </velocity>
      </state>
      <state>
        <position>
          <point>
            <x>40.75</x>
            <y>28.4</y>
          </point>
        </position>
        <orientation>
          <exact>-1.57</exact>
        </orientation>
        <time>
          <exact>6</exact>
        </time>
        <velocity>
          <exact>16.0</exact>
        </velocity>
      </state>
      <state>
        <position>
          <point>
            <x>40.75</x>
            <y>26.7999</y>
          </point>
        </position>
        <orientation>
          <exact>-1.57</exact>
        </orientation>
        <time>
          <exact>7</exact>
        </time>
        <velocity>
          <exact>16.0</exact>
        </velocity>
      </state>
      <state>
        <position>
          <point>
            <x>40.75</x>
            <y>25.2</y>
          </point>
        </position>
        <orientation>
          <exact>-1.57</exact>
        </orientation>
        <time>
          <exact>8</exact>
        </time>
        <velocity>
          <exact>16.0</exact>
        </velocity>
      </state>
      <state>
        <position>
          <point>
            <x>40.75</x>
            <y>23.6</y>
          </point>
        </position>
        <orientation>
          <exact>-1.57</exact>
        </orientation>
        <time>
          <exact>9</exact>
        </time>
        <velocity>
          <exact>16.0</exact>
        </velocity>
      </state>
      <state>
        <position>
          <point>
            <x>40.75</x>
            <y>22.0</y>
          </point>
        </position>
        <orientation>
          <exact>-1.57</exact>
        </orientation>
        <time>
          <exact>10</exact>
        </time>
        <velocity>
          <exact>16.0</exact>
        </velocity>
      </state>
      <state>
        <position>
          <point>
            <x>40.75</x>
            <y>20.4</y>
          </point>
        </position>
        <orientation>
          <exact>-1.57</exact>
        </orientation>
        <time>
          <exact>11</exact>
        </time>
        <velocity>
          <exact>16.0</exact>
        </velocity>
      </state>
      <state>
        <position>
          <point>
            <x>40.75</x>
            <y>18.7999</y>
          </point>
        </position>
        <orientation>
          <exact>-1.57</exact>
        </orientation>
        <time>
          <exact>12</exact>
        </time>
        <velocity>
          <exact>16.0</exact>
        </velocity>
      </state>
      <state>
        <position>
          <point>
            <x>40.75</x>
            <y>17.2</y>
          </point>
        </position>
        <orientation>
          <exact>-1.57</exact>
        </orientation>
        <time>
          <exact>13</exact>
        </time>
        <velocity>
          <exact>16.0</exact>
        </velocity>
      </state>
      <state>
        <position>
          <point>
            <x>40.75</x>
            <y>15.5999</y>
          </point>
        </position>
        <orientation>
          <exact>-1.57</exact>
        </orientation>
        <time>
          <exact>14</exact>
        </time>
        <velocity>
          <exact>16.0</exact>
        </velocity>
      </state>
      <state>
        <position>
          <point>
            <x>40.75</x>
            <y>14.0</y>
          </point>
        </position>
        <orientation>
          <exact>-1.57</exact>
        </orientation>
        <time>
          <exact>15</exact>
        </time>
        <velocity>
          <exact>16.0</exact>
        </velocity>
      </state>
      <state>
        <position>
          <point>
            <x>40.75</x>
            <y>12.3999</y>
          </point>
        </position>
        <orientation>
          <exact>-1.57</exact>
        </orientation>
        <time>
          <exact>16</exact>
        </time>
        <velocity>
          <exact>16.0</exact>
        </velocity>
      </state>
      <state>
        <position>
          <point>
            <x>40.75</x>
            <y>10.7999</y>
          </point>
        </position>
        <orientation>
          <exact>-1.57</exact>
        </orientation>
        <time>
          <exact>17</exact>
        </time>
        <velocity>
          <exact>16.0</exact>
        </velocity>
      </state>
      <state>
        <position>
          <point>
            <x>40.75</x>
            <y>9.2</y>
          </point>
        </position>
        <orientation>
          <exact>-1.57</exact>
        </orientation>
        <time>
          <exact>18</exact>
        </time>
        <velocity>
          <exact>16.0</exact>
        </velocity>
      </state>
      <state>
        <position>
          <point>
            <x>40.75</x>
            <y>7.5999</y>
          </point>
        </position>
        <orientation>
          <exact>-1.57</exact>
        </orientation>
        <time>
          <exact>19</exact>
        </time>
        <velocity>
          <exact>16.0</exact>
        </velocity>
      </state>
      <state>
        <position>
          <point>
            <x>40.75</x>
            <y>6.0</y>
          </point>
        </position>
        <orientation>
          <exact>-1.57</exact>
        </orientation>
        <time>
          <exact>20</exact>
        </time>
        <velocity>
          <exact>16.0</exact>
        </velocity>
      </state>
      <state>
        <position>
          <point>
            <x>40.75</x>
            <y>4.3999</y>
          </point>
        </position>
        <orientation>
          <exact>-1.57</exact>
        </orientation>
        <time>
          <exact>21</exact>
        </time>
        <velocity>
          <exact>16.0</exact>
        </velocity>
      </state>
      <state>
        <position>
          <point>
            <x>40.75</x>
            <y>2.7999</y>
          </point>
        </position>
        <orientation>
          <exact>-1.57</exact>
        </orientation>
        <time>
          <exact>22</exact>
        </time>
        <velocity>
          <exact>16.0</exact>
        </velocity>
      </state>
      <state>
        <position>
          <point>
            <x>40.75</x>
            <y>1.1999</y>
          </point>
        </position>
        <orientation>
          <exact>-1.57</exact>
        </orientation>
        <time>
          <exact>23</exact>
        </time>
        <velocity>
          <exact>16.0</exact>
        </velocity>
      </state>
      <state>
        <position>
          <point>
            <x>40.75</x>
            <y>-0.4</y>
          </point>
        </position>
        <orientation>
          <exact>-1.57</exact>
        </orientation>
        <time>
          <exact>24</exact>
        </time>
        <velocity>
          <exact>16.0</exact>
        </velocity>
      </state>
      <state>
        <position>
          <point>
            <x>40.75</x>
            <y>-2.0</y>
          </point>
        </position>
        <orientation>
          <exact>-1.57</exact>
        </orientation>
        <time>
          <exact>25</exact>
        </time>
        <velocity>
          <exact>16.0</exact>
        </velocity>
      </state>
      <state>
        <position>
          <point>
            <x>40.75</x>
            <y>-3.6</y>
          </point>
        </position>
        <orientation>
          <exact>-1.57</exact>
        </orientation>
        <time>
          <exact>26</exact>
        </time>
        <velocity>
          <exact>16.0</exact>
        </velocity>
      </state>
      <state>
        <position>
          <point>
            <x>40.75</x>
            <y>-5.2</y>
          </point>
        </position>
        <orientation>
          <exact>-1.57</exact>
        </orientation>
        <time>
          <exact>27</exact>
        </time>
        <velocity>
          <exact>16.0</exact>
        </velocity>
      </state>
      <state>
        <position>
          <point>
            <x>40.75</x>
            <y>-6.8</y>
          </point>
        </position>
        <orientation>
          <exact>-1.57</exact>
        </orientation>
        <time>
          <exact>28</exact>
        </time>
        <velocity>
          <exact>16.0</exact>
        </velocity>
      </state>
      <state>
        <position>
          <point>
            <x>40.75</x>
            <y>-8.4</y>
          </point>
        </position>
        <orientation>
          <exact>-1.57</exact>
        </orientation>
        <time>
          <exact>29</exact>
        </time>
        <velocity>
          <exact>16.0</exact>
        </velocity>
      </state>
      <state>
        <position>
          <point>
            <x>40.75</x>
            <y>-10.0</y>
          </point>
        </position>
        <orientation>
          <exact>-1.57</exact>
        </orientation>
        <time>
          <exact>30</exact>
        </time>
        <velocity>
          <exact>16.0</exact>
        </velocity>
      </state>
      <state>
        <position>
          <point>
            <x>40.75</x>
            <y>-11.6</y>
          </point>
        </position>
        <orientation>
          <exact>-1.57</exact>
        </orientation>
        <time>
          <exact>31</exact>
        </time>
        <velocity>
          <exact>16.0</exact>
        </velocity>
      </state>
      <state>
        <position>
          <point>
            <x>40.75</x>
            <y>-13.2</y>
          </point>
        </position>
        <orientation>
          <exact>-1.57</exact>
        </orientation>
        <time>
          <exact>32</exact>
        </time>
        <velocity>
          <exact>16.0</exact>
        </velocity>
      </state>
      <state>
        <position>
          <point>
            <x>40.75</x>
            <y>-14.8</y>
          </point>
        </position>
        <orientation>
          <exact>-1.57</exact>
        </orientation>
        <time>
          <exact>33</exact>
        </time>
        <velocity>
          <exact>16.0</exact>
        </velocity>
      </state>
      <state>
        <position>
          <point>
            <x>40.75</x>
            <y>-16.4</y>
          </point>
        </position>
        <orientation>
          <exact>-1.57</exact>
        </orientation>
        <time>
          <exact>34</exact>
        </time>
        <velocity>
          <exact>16.0</exact>
        </velocity>
      </state>
      <state>
        <position>
          <point>
            <x>40.75</x>
            <y>-18.0</y>
          </point>
        </position>
        <orientation>
          <exact>-1.57</exact>
        </orientation>
        <time>
          <exact>35</exact>
        </time>
        <velocity>
          <exact>16.0</exact>
        </velocity>
      </state>
      <state>
        <position>
          <point>
            <x>40.75</x>
            <y>-19.6</y>
          </point>
        </position>
        <orientation>
          <exact>-1.57</exact>
        </orientation>
        <time>
          <exact>36</exact>
        </time>
        <velocity>
          <exact>16.0</exact>
        </velocity>
      </state>
      <state>
        <position>
          <point>
            <x>40.75</x>
            <y>-21.2</y>
          </point>
        </position>
        <orientation>
          <exact>-1.57</exact>
        </orientation>
        <time>
          <exact>37</exact>
        </time>
        <velocity>
          <exact>16.0</exact>
        </velocity>
      </state>
      <state>
        <position>
          <point>
            <x>40.75</x>
            <y>-22.8</y>
          </point>
        </position>
        <orientation>
          <exact>-1.57</exact>
        </orientation>
        <time>
          <exact>38</exact>
        </time>
        <velocity>
          <exact>16.0</exact>
        </velocity>
      </state>
      <state>
        <position>
          <point>
            <x>40.75</x>
            <y>-24.4</y>
          </point>
        </position>
        <orientation>
          <exact>-1.57</exact>
        </orientation>
        <time>
          <exact>39</exact>
        </time>
        <velocity>
          <exact>16.0</exact>
        </velocity>
      </state>
      <state>
        <position>
          <point>
            <x>40.75</x>
            <y>-26.0</y>
          </point>
        </position>
        <orientation>
          <exact>-1.57</exact>
        </orientation>
        <time>
          <exact>40</exact>
        </time>
        <velocity>
          <exact>16.0</exact>
        </velocity>
      </state>
      <state>
        <position>
          <point>
            <x>40.75</x>
            <y>-27.6</y>
          </point>
        </position>
        <orientation>
          <exact>-1.57</exact>
        </orientation>
        <time>
          <exact>41</exact>
        </time>
        <velocity>
          <exact>16.0</exact>
        </velocity>
      </state>
      <state>
        <position>
          <point>
            <x>40.75</x>
            <y>-29.2</y>
          </point>
        </position>
        <orientation>
          <exact>-1.57</exact>
        </orientation>
        <time>
          <exact>42</exact>
        </time>
        <velocity>
          <exact>16.0</exact>
        </velocity>
      </state>
      <state>
        <position>
          <point>
            <x>40.75</x>
            <y>-30.7999</y>
          </point>
        </position>
        <orientation>
          <exact>-1.57</exact>
        </orientation>
        <time>
          <exact>43</exact>
        </time>
        <velocity>
          <exact>16.0</exact>
        </velocity>
      </state>
      <state>
        <position>
          <point>
            <x>40.75</x>
            <y>-32.4</y>
          </point>
        </position>
        <orientation>
          <exact>-1.57</exact>
        </orientation>
        <time>
          <exact>44</exact>
        </time>
        <velocity>
          <exact>16.0</exact>
        </velocity>
      </state>
      <state>
        <position>
          <point>
            <x>40.75</x>
            <y>-34.0</y>
          </point>
        </position>
        <orientation>
          <exact>-1.57</exact>
        </orientation>
        <time>
          <exact>45</exact>
        </time>
        <velocity>
          <exact>16.0</exact>
        </velocity>
      </state>
      <state>
        <position>
          <point>
            <x>40.75</x>
            <y>-35.6</y>
          </point>
        </position>
        <orientation>
          <exact>-1.57</exact>
        </orientation>
        <time>
          <exact>46</exact>
        </time>
        <velocity>
          <exact>16.0</exact>
        </velocity>
      </state>
      <state>
        <position>
          <point>
            <x>40.75</x>
            <y>-37.2</y>
          </point>
        </position>
        <orientation>
          <exact>-1.57</exact>
        </orientation>
        <time>
          <exact>47</exact>
        </time>
        <velocity>
          <exact>16.0</exact>
        </velocity>
      </state>
      <state>
        <position>
          <point>
            <x>40.75</x>
            <y>-38.8</y>
          </point>
        </position>
        <orientation>
          <exact>-1.57</exact>
        </orientation>
        <time>
          <exact>48</exact>
        </time>
        <velocity>
          <exact>16.0</exact>
        </velocity>
      </state>
      <state>
        <position>
          <point>
            <x>40.75</x>
            <y>-40.4</y>
          </point>
        </position>
        <orientation>
          <exact>-1.57</exact>
        </orientation>
        <time>
          <exact>49</exact>
        </time>
        <velocity>
          <exact>16.0</exact>
        </velocity>
      </state>
      <state>
        <position>
          <point>
            <x>40.75</x>
            <y>-42.0</y>
          </point>
        </position>
        <orientation>
          <exact>-1.57</exact>
        </orientation>
        <time>
          <exact>50</exact>
        </time>
        <velocity>
          <exact>16.0</exact>
        </velocity>
      </state>
      <state>
        <position>
          <point>
            <x>40.75</x>
            <y>-43.6</y>
          </point>
        </position>
        <orientation>
          <exact>-1.57</exact>
        </orientation>
        <time>
          <exact>51</exact>
        </time>
        <velocity>
          <exact>16.0</exact>
        </velocity>
      </state>
      <state>
        <position>
          <point>
            <x>40.75</x>
            <y>-45.2</y>
          </point>
        </position>
        <orientation>
          <exact>-1.57</exact>
        </orientation>
        <time>
          <exact>52</exact>
        </time>
        <velocity>
          <exact>16.0</exact>
        </velocity>
      </state>
      <state>
        <position>
          <point>
            <x>40.75</x>
            <y>-46.8</y>
          </point>
        </position>
        <orientation>
          <exact>-1.57</exact>
        </orientation>
        <time>
          <exact>53</exact>
        </time>
        <velocity>
          <exact>16.0</exact>
        </velocity>
      </state>
      <state>
        <position>
          <point>
            <x>40.75</x>
            <y>-48.4</y>
          </point>
        </position>
        <orientation>
          <exact>-1.57</exact>
        </orientation>
        <time>
          <exact>54</exact>
        </time>
        <velocity>
          <exact>16.0</exact>
        </velocity>
      </state>
      <state>
        <position>
          <point>
            <x>40.75</x>
            <y>-50.0</y>
          </point>
        </position>
        <orientation>
          <exact>-1.57</exact>
        </orientation>
        <time>
          <exact>55</exact>
        </time>
        <velocity>
          <exact>16.0</exact>
        </velocity>
      </state>
      <state>
        <position>
          <point>
            <x>40.75</x>
            <y>-51.6</y>
          </point>
        </position>
        <orientation>
          <exact>-1.57</exact>
        </orientation>
        <time>
          <exact>56</exact>
        </time>
        <velocity>
          <exact>16.0</exact>
        </velocity>
      </state>
      <state>
        <position>
          <point>
            <x>40.75</x>
            <y>-53.2</y>
          </point>
        </position>
        <orientation>
          <exact>-1.57</exact>
        </orientation>
        <time>
          <exact>57</exact>
        </time>
        <velocity>
          <exact>16.0</exact>
        </velocity>
      </state>
      <state>
        <position>
          <point>
            <x>40.75</x>
            <y>-54.8</y>
          </point>
        </position>
        <orientation>
          <exact>-1.57</exact>
        </orientation>
        <time>
          <exact>58</exact>
        </time>
        <velocity>
          <exact>16.0</exact>
        </velocity>
      </state>
      <state>
        <position>
          <point>
            <x>40.75</x>
            <y>-56.4</y>
          </point>
        </position>
        <orientation>
          <exact>-1.57</exact>
        </orientation>
        <time>
          <exact>59</exact>
        </time>
        <velocity>
          <exact>16.0</exact>
        </velocity>
      </state>
    </trajectory>
  </dynamicObstacle>
  <planningProblem id="37">
    <initialState>
      <position>
        <point>
          <x>44.5</x>
          <y>-15.0</y>
        </point>
      </position>
      <orientation>
        <exact>1.57</exact>
      </orientation>
      <time>
        <exact>0</exact>
      </time>
      <velocity>
        <exact>7.0</exact>
      </velocity>
      <yawRate>
        <exact>0.0</exact>
      </yawRate>
      <slipAngle>
        <exact>0.0</exact>
      </slipAngle>
    </initialState>
    <goalState>
      <position>
        <lanelet ref="2"/>
      </position>
      <time>
        <intervalStart>0</intervalStart>
        <intervalEnd>200</intervalEnd>
      </time>
    </goalState>
  </planningProblem>
</commonRoad>
